First_Name, Last_Name, Address, City, State, Zip, Joined, Age, Gender, Email
Hattie,Denesik,345 Ryan Mountains Suite 881,Harlanberg,DE,09171,2004-06-16,78,Male,awatsica@mosciski.org
Coral,Wyman,8910 Rodger Stream Suite 768,East Rebecaberg,MN,88162,1991-08-09,71,Female,maryamnolan@johns.com
Kurtis,Hyatt,1832 Markel Burgs,Port Clemma,NV,85074,1970-08-04,30,Male,darien38@gmail.com
Ewing,Barton,15920 McClure Junctions Suite 173,North Trulaside,AR,42903,1992-08-07,43,Male,alexander41@yahoo.com
Marlene,Hartmann,691 Herman Skyway,North Mosesfort,WV,72878,1993-06-12,57,Female,weston72@gmail.com
Tevin,Bahringer,26659 Rae Valleys,Lake Cydney,KY,32789,1971-06-21,58,Male,veumarra@gmail.com
Isabell,Hegmann,060 Marlena Motorway Apt. 415,Harlontown,KY,58268,2001-01-05,19,Female,prohan@harris-kassulke.biz
Cael,Kautzer,3687 Rubie Stream Suite 343,Brakusview,MT,44215,1973-02-20,44,Male,rafaelaconsidine@hotmail.com
Pheobe,Hagenes,360 Johnston Stream Suite 065,Goldahaven,IA,44328,2002-12-02,46,Female,jerilynjohnson@hotmail.com
Carlota,Wolff,3461 Strosin Highway Apt. 519,Elizahaven,MN,47807,2015-01-31,86,Female,mrazjodi@gmail.com
Zain,Crona,312 Maxie Islands Suite 909,Port Abigale,PA,39855,1976-06-24,61,Male,kassulkemelbourne@pacocha.com
Kelsey,Marquardt,06304 Dondre Greens,New Leslieville,PR,60938,1975-12-31,88,Male,edie06@swaniawski.com
Gianna,Streich,9498 Prudie Extensions Apt. 649,Emettchester,NY,54529,2015-03-20,41,Female,ecronin@yahoo.com
Lyndsey,Yundt,17813 Taryn Harbors Apt. 168,West Haven,UT,99765,1981-03-12,69,Female,lovett89@jacobi-bartell.com
Orrin,Gottlieb,681 Christion Club,Halvorsonbury,ID,89799,1979-01-11,21,Male,reingernevada@yahoo.com
Arvo,Parisian,16668 Fritsch Pass Apt. 075,Franciesborough,NH,88468,1978-12-27,82,Male,oharadenine@hotmail.com
Hanna,Rowe,27789 Miller Circle,Michellmouth,OH,37031,2014-02-17,65,Female,rdickens@volkman.org
Reese,Schimmel,11662 Hideo Lake,Shaneport,OR,00761,2009-10-12,84,Male,mekhiward@becker.net
Candida,Carroll,4234 Steuber Terrace Suite 121,Port Deedeeport,MD,80290,1986-06-14,44,Female,jeffiesanford@homenick.com
Daisy,Dietrich,72409 Shamika Islands Apt. 624,Cummerataberg,NE,99113,1982-09-26,22,Female,llemke@smitham-quitzon.info
Dara,Dach,7503 Pamela Streets,Hicklechester,TN,99935,1981-01-25,52,Female,fdach@gmail.com
Montgomery,Simonis,67349 Erle Lights Suite 792,New Pallie,IN,28843,2010-06-21,53,Male,feestrebekah@gmail.com
Verner,Konopelski,7468 Winton Circles Suite 570,Harberview,NH,99225,1980-08-09,52,Male,tkozey@kemmer.biz
Makai,Walter,973 Savana Junction,Elizebethfort,MS,08681,1981-04-12,27,Male,mcasper@gmail.com
Izora,Beer,3096 Hackett Road Apt. 935,Murlside,AK,40311,2013-05-01,79,Female,emersonbode@hotmail.com
Ovila,Muller,2259 Zboncak Flats Apt. 945,Mitchellfort,NY,94428,1992-05-21,25,Male,nikolausracheal@yahoo.com
Horacio,Williamson,94774 Cruickshank Rue Suite 000,Georgeneville,FM,69686,2002-11-10,73,Male,alisa26@daugherty-doyle.biz
Mauro,Zulauf,273 Hackett Summit,Eichmanntown,VI,14123,1987-03-30,71,Male,maebelle17@hotmail.com
Maia,Bins,9213 Vonnie Fall Apt. 933,Ernserville,WA,09554,1989-12-13,26,Female,csporer@hotmail.com
Gerri,Daugherty,0707 Launa Points Apt. 798,East Desiree,MN,26611,2009-04-28,80,Female,sporerluana@hotmail.com
Anders,Jones,6045 Homenick Square Suite 980,Sanfordview,AR,32784,2007-04-12,31,Male,cornell37@ratke.biz
Kaia,Beahan,118 Satterfield Parkway Suite 895,Port Jaidenville,CT,76779,1973-07-02,42,Female,zschaefer@wintheiser-haley.com
Jarett,Rath,7203 Dessa Way,Jacklynberg,FL,91821,2011-06-27,67,Male,eveline58@russel.com
Mazie,Douglas,427 Shep Inlet,Dickiport,ME,94303,2015-07-17,22,Female,iwaters@koepp.com
Alcide,Orn,32090 Giancarlo Trail Suite 428,Olivineshire,WI,01222,2005-03-04,65,Male,klockodomenick@block.com
Carina,Schuster,37902 Adalberto View,Connorfurt,CO,10343,1971-09-17,79,Female,rauangelina@zulauf.biz
Kristopher,Hintz,09706 Clarissa Ports Suite 700,Ivannaport,AR,95474,1992-04-15,39,Male,delta59@gmail.com
Maynard,Jast,47496 Jacobs Stream,Port Keilaside,MA,85857,1991-05-28,60,Male,fward@jast.com
Dora,Mitchell,649 Stoltenberg Crossroad,Greenfeldermouth,HI,61351,1983-01-20,37,Female,jeanmariekemmer@gmail.com
Pratt,McLaughlin,1300 Harber Terrace,Trantowhaven,AL,19432,2012-09-20,27,Male,trentonklocko@yahoo.com
Corry,Towne,036 Melinda Way,Brinleybury,KY,60685,2002-06-15,67,Male,raualyssia@hotmail.com
Alecia,Turner,3962 Block Neck Suite 572,Kiehnborough,UT,70610,1970-10-17,77,Female,theodis02@bergnaum-stokes.com
Bayard,Spinka,9095 Lehner Walk,Paytenside,MS,38448,1973-05-06,37,Male,houstonjones@hotmail.com
Charlie,Cole,4822 Delmar Expressway Suite 837,Port Garnet,MS,40363,1994-07-30,34,Female,collierloren@rohan.biz
Kellan,Christiansen,0449 Connelly Place,Kohlerborough,MT,55041,1979-04-23,63,Male,hwhite@cruickshank-dibbert.com
Amani,Marvin,552 Feil Vista Suite 767,Lake Haywood,NV,64405,1998-07-13,40,Female,brandt77@yahoo.com
Celestia,Herzog,930 Izayah Walks,Julianaburgh,DC,10408,2009-05-17,82,Female,roelsipes@block.info
Gregorio,Wiegand,10886 Lorenza Summit Suite 791,South Dinkstad,KS,86871,1997-03-29,68,Male,irenekohler@pacocha-borer.net
Pete,Gerlach,132 Kuphal Shoal Apt. 636,East Karly,ME,35237,1976-04-23,67,Male,cheathcote@hotmail.com
Selmer,Ernser,41261 Neil Inlet Apt. 136,Shannenburgh,NM,43271,1995-04-21,63,Male,zstiedemann@gmail.com
Vera,Labadie,15551 Gaylord Field,Lynchhaven,PA,35738,1974-04-22,48,Male,ullrichdamarcus@gmail.com
Sharla,Goyette,00383 Shields Grove,North Peteview,IN,38693,2008-08-11,88,Female,abergstrom@haley.com
Rhys,Barrows,92352 Reilly Cape Apt. 484,Kuhicside,MH,18681,2000-02-23,57,Male,amberlymayer@leannon.com
Jaqueline,Littel,995 Eichmann Stravenue,Port Cesar,PW,25140,1984-03-27,30,Female,bpaucek@hotmail.com
Atha,Jast,58733 Spinka Loaf Apt. 436,South Marjorie,AK,92853,1975-05-28,30,Female,burkeschiller@oberbrunner-greenholt.com
Jahir,Legros,2106 Bergstrom Divide Apt. 212,Gislasonchester,AR,71326,1983-02-23,23,Male,aufderharsylva@gmail.com
Seth,Christiansen,75321 Ronal Centers,Armstrongmouth,MD,71564,2012-11-15,37,Male,sbuckridge@yahoo.com
Ted,Auer,4374 Leannon Green Suite 813,West Deshaun,DE,64232,1998-07-18,63,Male,kilbackchaim@stokes.com
Hugo,Rempel,7934 Gutmann Harbor,Smithamfurt,FL,02631,1984-01-04,60,Male,lindeben@gmail.com
Larae,Considine,396 Winfred Summit Apt. 495,Evansland,CA,09060,2001-10-11,84,Female,zboncakferman@yahoo.com
Kelsey,Romaguera,83189 Halvorson Manor Suite 264,North Arkiefurt,RI,02858,1990-05-07,37,Female,tripp89@rutherford.com
Kaydence,Runolfsdottir,9982 Jule Trail,D'Amorefort,PA,57732,1981-12-15,28,Female,ankundingdarin@simonis.com
Marc,Wuckert,30030 Steuber Flats Apt. 623,East Pearlene,VT,50484,2001-07-10,82,Male,margariteschmidt@rau.biz
Heyward,Hickle,2762 Clair Extension Suite 323,New Killianstad,IA,70479,1984-01-15,40,Male,shantekerluke@eichmann.org
Aliza,Dibbert,778 Paucek Pine,Bruenton,WI,11972,1982-08-25,48,Female,gcummings@gaylord.com
Alannah,Trantow,001 Bergstrom Estates Suite 344,South Adityafort,GA,05469,1984-01-01,19,Female,kovacekchancy@yahoo.com
Hampton,Pollich,22351 Ethelbert Manors Suite 694,Pearlieberg,SD,77863,1970-05-04,42,Male,iadams@reinger.org
Aarav,Jaskolski,6725 Bahringer Island,East Versiemouth,SC,45513,1992-06-28,78,Male,xmertz@rau.biz
Franklin,O'Connell,2159 Tillman Squares,Teaburgh,OR,04992,1986-09-17,18,Male,hahnwilhelmine@west-cole.net
Christina,Dietrich,3641 Brandyn Shoals,Everttown,LA,37521,1971-03-26,24,Female,kossnakia@yahoo.com
Tonda,Schamberger,81293 Dawson Land,Gorczanyport,OR,40283,1999-12-31,49,Female,umante@gmail.com
Clement,Kling,2479 Turner Glen Suite 233,East Mollie,NH,48186,2003-09-23,86,Male,abelardowyman@gmail.com
Ariane,Welch,830 Emmerich Club,Leuschkeview,NE,13926,1970-10-08,68,Female,olebsack@tromp.info
Twila,Jaskolski,530 Hallie Spur,North Caitlynn,PR,60520,1996-05-07,46,Female,tveum@batz.com
Forrest,Wyman,4797 Mueller Cliffs,Lake Tessieview,MD,16167,2014-04-30,30,Male,schneiderheber@yahoo.com
Alyvia,Kling,01938 Cruickshank Circle Apt. 545,East Breannaland,SC,51140,2000-01-14,47,Female,kylah21@hotmail.com
Faith,Block,434 Emard Shores,South Zolaburgh,MN,34371,1985-09-23,89,Female,gerholdaubrey@dicki.org
Juana,Gottlieb,63560 Corina Loaf Apt. 912,Wisokyton,VI,22735,1976-04-11,18,Female,carsen82@hotmail.com
Adrien,Mosciski,9420 Orra Viaduct,Kellyville,FM,98671,1977-06-06,75,Male,vandervortkirby@gmail.com
Gray,Legros,06513 Veronica Expressway Apt. 818,New Paulette,ND,86785,1976-08-27,38,Male,rydermraz@mills.biz
Brinley,Haley,15788 Arietta Row,Senaton,OH,73335,2013-04-27,32,Female,ahoeger@fadel.com
Jailene,Kling,9242 Boyer Mill,Dedricfort,AS,70290,2009-01-26,19,Female,ara83@gmail.com
Kasey,Treutel,014 Bashirian Square,Enochville,RI,21976,2015-11-10,87,Male,yurembosco@yahoo.com
Efrem,Greenfelder,7151 Orn Trafficway,Brittanieton,MD,53299,2006-07-06,21,Male,rogahnaloma@yahoo.com
Tisha,Stroman,6040 Hilpert Squares Suite 358,North Marilou,FM,06300,2008-07-24,32,Female,imurphy@yahoo.com
Harley,Kub,83002 Marvin Mountain Apt. 400,Madonnatown,ME,63960,1992-08-14,55,Male,edieleuschke@donnelly.com
Ryne,Brakus,8831 Neely Court,Spencerhaven,WA,51443,2003-05-21,80,Male,galeoconnell@hotmail.com
Ted,Hilll,07461 Corliss Throughway Apt. 518,Myraberg,OR,84220,2010-12-13,51,Male,heidyjacobi@hotmail.com
London,Renner,98321 Wayland Springs,East Osieville,CA,47184,1991-11-21,88,Male,ybalistreri@abernathy.net
Verlyn,Goyette,7378 Rippin Forges,Kandaceshire,WY,46921,2006-12-07,38,Male,ignatz08@sanford.biz
Braiden,Renner,481 Melinda Vista Apt. 214,Murrayberg,DC,54595,2002-02-05,53,Male,manford64@oconnell.biz
Lilyanna,Kuvalis,66296 Wilson Island Suite 437,Port Danika,ID,51460,1982-12-16,77,Female,starkzandra@gmail.com
Roxie,Stamm,839 Guadalupe Pines Apt. 431,South Marlieton,OR,80133,1985-11-30,74,Female,donnellyromona@kessler.com
Lucina,Mertz,96231 Caryl Stravenue,Lake Amirahberg,NM,39811,1986-04-23,22,Female,kuphalanastacia@yahoo.com
Catharine,Beier,156 Hackett Gardens Apt. 995,Lake Shanieceland,VT,85756,2002-08-30,27,Female,xkuhn@schiller.com
Von,Johnson,782 Brittnay Cliff,North Sandiville,ME,64442,2009-06-08,27,Male,vesterheaney@hotmail.com
Rena,Hirthe,85199 Fredie Hollow Apt. 102,Boyermouth,PW,47724,2010-11-18,43,Female,ubayer@hotmail.com
Braylon,Langworth,5431 Marcel Shoal Apt. 497,Rishifort,IL,20713,1981-08-22,23,Male,naderdeja@weissnat.com
Robyn,Balistreri,92339 Treasure Locks,Kreigermouth,AL,40317,1972-08-04,51,Female,gradyopal@gmail.com
Marianne,Dare,17719 Kshlerin Square,East Tillastad,VT,32205,1988-04-26,23,Female,ischroeder@gmail.com
